
{
    "region" : "us-east-1",
    "configuration" : "Debug",
    "framework"     : "net5.0",
    "self-contained" : false,
    "application"    : "codeAPI",
    "environment"    : "codeAPI-dev",
    "app-path"       : "/",
    "iis-website"    : "Default Web Site",
    "enable-xray"    : false,
    "enhanced-health-type" : "basic",
    "additional-options"   : "",
    "solution-stack"       : "64bit Windows Server Core 2019 v2.10.1 running IIS 10.0",
    "environment-type"     : "SingleInstance",
    "cname"                : "codeapi-dev",
    "instance-type"        : "t2.micro",
    "key-pair"             : "jai-anmol-keypair",
    "instance-profile"     : "aws-elasticbeanstalk-codeAPI-dev",
    "service-role"         : "aws-elasticbeanstalk-service-role"
}